Protocol,PDR (%),Energy Consumed (J),Avg Hop Count
Shortest Path (Dijkstra),99.0,50.05,2.4074074074074074
F-DQN (Ours),98.66666666666667,103.46,4.881756756756757
